site_no,ave_dtw_ft,alt_va,gw_elev_ft,gw_elev_m
414525074360601,9.042993730407538,1180.9,1171.8570062695926,357.18201551097184
